<?xml version="1.0" encoding="UTF-8"?>
<!DOCTYPE mapper
  PUBLIC "-//mybatis.org//DTD Mapper 3.0//EN"
  "http://mybatis.org/dtd/mybatis-3-mapper.dtd">
  
  <mapper namespace="ConsultMapper">
  <!--채팅기록 -->
  	<resultMap type="Consult" id="clientResultMap">
  		<id property="consultNo" column="CONSULT_NO"/> 
		<result  property="consultNo" column="CONSULT_NO"/> 
		<result  property="cMemberId" column="C_MEMBERID"/> 
		<result  property="cContexts" column="C_CONTEXTS"/>
		<result  property="cDate" column="C_DATE"/> 
		<result  property="cEmail" column="C_EMAIL"/> 
		<result  property="titleNo" column="TITLE_NO"/> 

  	</resultMap>
  	<!-- 관리자 리스트-->
  	  <resultMap type="ConsultServer" id="ChatResultMap">
  		<id property="titleNo" column="TITLE_NO"/> 
		<result  property="titleNo" column="TITLE_NO"/> 
		<result  property="csMemberId" column="CS_MEMBERID"/> 
		<result  property="csMail" column="CS_MAIL"/>
		<result  property="csTitle" column="CS_TITLE"/> 
		<result  property="csDate" column="CS_DATE"/> 
		<result  property="csResult" column="CS_RESULT"/> 
  	</resultMap>
  	<resultMap type="SwitchChat" id="SwitchChatMap">
  		<id property="on_off" column="ON_OFF"/> 
		<result  property="on_off" column="ON_OFF"/> 
	</resultMap>
  	<!-- 채팅버튼 리스트 -->
  		
 <!--서버 매핑  --> 
	 <!--채팅 시작 버튼 변경여부  -->
	 <update id="switchUpdate">
		UPDATE CHATSWITCH SET ON_OFF=#{on_off}
	 </update>
	 
	 <select id="switchbtncheck" resultType="string">
	 	SELECT ON_OFF FROM CHATSWITCH
	 </select>

  	<!--채팅리스트전체 조회  -->
  	<select id="chatList"  resultMap="ChatResultMap">
  		SELECT * FROM CHATSERVER_TBL ORDER BY TITLE_NO DESC
  	</select>
  	
<!--   	titleNo 조회 -->
  	<select id="serchtitleNo" resultType="_int">
  		SELECT MAX(TITLE_NO) FROM CHATSERVER_TBL WHERE CS_MEMBERID=#{csMemberId} AND CS_TITLE = #{csTitle} AND CS_MAIL=#{csMail} AND CS_RESULT ='N'
   	</select>

  	<!-- 신규 상담건 조회 -->
  	 <select id="chatNewList"  resultMap="ChatResultMap">
  		SELECT * FROM CHATSERVER_TBL WHERE CS_DATE > #{requestTime}  ORDER BY TITLE_NO DESC
  	</select>
  	<update id="reportUpdate">
  		 UPDATE CHATSERVER_TBL SET CS_RESULT =#{csResult} WHERE TITLE_NO =#{titleNo}
  	</update>  	
 <!--써버 종료  -->
 
 <!--고객 매핑  -->
 	<!-- 고객채팅 접수 저장 -->
 	<insert id="reseciptChat">
 		INSERT INTO CHATSERVER_TBL VALUES (SEQ_SERVERCHAT_NO.NEXTVAL,#{csMemberId},#{csTitle},SYSDATE,#{csMail},DEFAULT)
 	</insert>
 
 	<!-- 고객과 관리자 채팅 내용저장. -->
	<insert id="inClientChat">
    	INSERT INTO CHATCONSULT_TBL VALUES (SEQ_CHAT_NO.NEXTVAL,#{cMemberId},#{cContexts},SYSDATE,#{cEmail},#{titleNo})
  	</insert>
 	<!-- 실시간 채팅 리스트조회--> 
 	<select id="nowSelectChat" resultMap="clientResultMap">
 		SELECT * FROM CHATCONSULT_TBL WHERE TITLE_NO=#{titleNo} 
 	</select> 	
 <!--고객 완료.  --> 
 </mapper>