<?xml version="1.0" encoding="UTF-8"?>
<!DOCTYPE mapper
  PUBLIC "-//mybatis.org//DTD Mapper 3.0//EN"
  "http://mybatis.org/dtd/mybatis-3-mapper.dtd">
<mapper namespace="NoticeMapper">
	<resultMap type="Notice" id="noticeResultMap">
		<id		column="NOTICE_NO" 	    property="noticeNo" />
		<result column="NOTICE_WRITER"  property="noticeWriter" />
		<result column="NOTICE_CATEGORY"  property="noticeCategory" />
		<result column="NOTICE_TITLE"  property="noticeTitle" />
		<result column="NOTICE_CONTENTS"  property="noticeContents" />
		<result column="NOTICE_COUNT"  property="nCount" />
		<result column="N_CREATEDATE"  property="nCreateDate" />
		<result column="N_UPDATEDATE"  property="nUpdateDate" />
		<result column="N_DELIVER"  property="nDeliver" />
		<result column="N_STATUS"  property="nStatus" />
		<result column="NOTICE_FILENAME"  property="noticeFilename" />
		<result column="NOTICE_FILERENAME"  property="noticeFileRename" />
		<result column="NOTICE_FILEPATH"  property="noticeFilepath" />

	</resultMap>
	<insert id="insertNotice">
		INSERT INTO NOTICE_TBL
		VALUES(SEQ_NOTICENO.NEXTVAL, #{noticeWriter}, #{noticeCategory}, #{noticeTitle}, #{noticeContents}
		, DEFAULT, DEFAULT, DEFAULT, DEFAULT, DEFAULT,#{noticeFilename},#{noticeFileRename}, #{noticeFilepath})
	</insert>
	<delete id="deleteNotice">
		DELETE FROM NOTICE_TBL WHERE NOTICE_NO = #{noticeNo}
	</delete>
	<update id="updateNotice">
		UPDATE NOTICE_TBL SET NOTICE_TITLE = #{noticeTitle}, NOTICE_CONTENTS = #{noticeContents}, NOTICE_FILENAME = #{noticeFilename }, NOTICE_RENAME = #{noticeFileRename}, NOTICE_FILEPATH = #{noticeFilepath}, N_UPDATEDATE = DEFAULT
		WHERE NOTICE_NO = #{noticeNo}
	</update>
	<select id="selectTotalCount" resultType="_int">
		SELECT COUNT(*) FROM NOTICE_TBL 
		<where>
			<if test="searchCondition.toString() == 'title'">
				NOTICE_TITLE LIKE '%'||#{searchValue}||'%'
			</if>
			<if test="searchCondition.toString() == 'contents'">
				NOTICE_CONTENTS LIKE '%'||#{searchValue}||'%'
			</if>
			<if test="searchCondition.toString() == 'writer'">
				NOTICE_WRITER LIKE '%'||#{searchValue}||'%'
			</if>
			<if test="searchCondition.toString() == 'all'">
				NOTICE_TITLE LIKE '%'||#{searchValue}||'%'
				OR NOTICE_CONTENTS LIKE '%'||#{searchValue}||'%'
				OR NOTICE_WRITER LIKE '%'||#{searchValue}||'%'
			</if>
			AND N_STATUS = 'Y'
		</where>
	</select>
	<select id="selectAllNotice" resultMap="noticeResultMap">
		SELECT * FROM NOTICE_TBL WHERE N_STATUS = 'Y' ORDER BY NOTICE_NO DESC
	</select>
	<select id="selectOneByNo" resultMap="noticeResultMap">
		SELECT * FROM NOTICE_TBL WHERE NOTICE_NO = #{noticeNo } AND N_STATUS = 'Y'
	</select>
	<update id="updateCount">
		UPDATE NOTICE_TBL SET NOTICE_COUNT = NOTICE_COUNT + 1 WHERE NOTICE_NO = #{noticeNo}
	</update>
</mapper>